id,name
place-wels,Wels
place-znaim-znojmo,Znaim/Znojmo
place-konigsberg-sudsteiermark,Königsberg (Südsteiermark)
place-kirchberg-in-tirol-tirol,Kirchberg in Tirol (Tirol)
place-horstorf,Hörstorf
place-wagna-steiermark,Wagna (Steiermark)
place-graz,Graz
place-scharding-am-inn,Schärding am Inn
place-hollabrunn,Hollabrunn
place-eggenburg-niederosterreich,Eggenburg (Niederösterreich)
place-roggendorf-bei-melk,Roggendorf bei Melk
place-hemmerberg-bei-kohlschwarz,Hemmerberg bei Kohlschwarz
place-wien,Wien
place-st-valentin,St. Valentin
place-salzburg,Salzburg
place-weissenbach-an-der-enns,Weißenbach an der Enns
place-linz,Linz
place-kirchberg-am-wechsel,Kirchberg am Wechsel
place-klagenfurt,Klagenfurt
place-alfeld-an-der-leine-niedersachsen,Alfeld an der Leine (Niedersachsen)
place-sausal,Sausal
place-marchegg,Marchegg
place-summerau-oberosterreich,Summerau (Oberösterreich)
place-attnang-puchheim,Attnang-Puchheim
place-andelsbuch-vorarlberg,Andelsbuch (Vorarlberg)
place-riegersburg,Riegersburg
place-sochau-steiermark,Söchau (Steiermark)
place-trautmannsdorf-niederosterreich,Trautmannsdorf (Niederösterreich)
place-grossraming,Großraming
place-villach,Villach
place-taufkirchen-pram-oberosterreich,Taufkirchen/Pram (Oberösterreich)
place-vorderberg-im-gailtal,Vorderberg im Gailtal
place-neumuhl,Neumühl
place-wiener-neustadt,Wiener Neustadt
place-judenburg,Judenburg
place-bad-goisern-oberosterreich,Bad Goisern (Oberösterreich)
place-freilassing-bayern,Freilassing (Bayern)
place-kufstein,Kufstein
place-seeboden-karnten,Seeboden (Kärnten)
place-gols-burgenland,Gols (Burgenland)
place-landeck,Landeck
place-st-polten,St. Pölten
place-bruck-an-der-mur,Bruck an der Mur
place-sommerein-am-leithagebirge-no,Sommerein am Leithagebirge (NÖ)
place-riedlingsdorf-burgenland,Riedlingsdorf (Burgenland)
place-matzen,Matzen
place-ybbs-an-der-donau-niederosterreich,Ybbs an der Donau (Niederösterreich)
place-windschau-mahren,Windschau (Mähren)
place-wilhelmsburg,Wilhelmsburg
place-bergen-deutschland,Bergen (Deutschland)
place-amstetten,Amstetten
place-oberpullendorf,Oberpullendorf
place-lolling,Lölling
place-axams,Axams
place-boheimkirchen-niederosterreich,Böheimkirchen (Niederösterreich)
place-bleiberg-karnten,Bleiberg (Kärnten)
place-leoben,Leoben
place-deutschkreutz,Deutschkreutz
place-steyregg,Steyregg
place-hausmening,Hausmening
place-lienz,Lienz
place-lassee-niederosterreich,Lassee (Niederösterreich)
place-vocklabruck,Vöcklabruck
place-neunkirchen,Neunkirchen
place-doppel,Doppel
place-innsbruck,Innsbruck
place-feldkirchen-an-der-donau,Feldkirchen an der Donau
place-zauchtel-sudetenland,Zauchtel (Sudetenland)
place-gersdorf,Gersdorf
place-gmund,Gmünd
place-st-wolfgang,St. Wolfgang
place-euratsfeld,Euratsfeld
place-kapfenberg-steiermark,Kapfenberg (Steiermark)
place-steyr,Steyr
place-lindau,Lindau
place-neumarkt-im-muhlkreis,Neumarkt im Mühlkreis
place-murzzuschlag,Mürzzuschlag
place-zwettl,Zwettl
place-ried-im-innkreis,Ried im Innkreis
place-greifenburg,Greifenburg
place-anger,Anger
place-krems,Krems
place-wolfsberg,Wolfsberg
place-st-gilgen,St. Gilgen
place-braunau-am-inn,Braunau am Inn
place-muhldorf-am-inn-bayern,Mühldorf am Inn (Bayern)
place-kempten-im-allgau-brd,Kempten im Allgäu (BRD)
place-gussing-burgenland,Güssing (Burgenland)
place-korneuburg,Korneuburg
place-st-veit-im-pongau,St. Veit im Pongau
place-st-michael-burgenland,St. Michael (Burgenland)
place-baja-ungarn,Baja (Ungarn)
place-modling-niederosterreich,Mödling (Niederösterreich)
place-langenwang,Langenwang
place-markt-piesting,Markt Piesting
place-klagenfurt-am-worthersee-karnten,Klagenfurt am Wörthersee (Kärnten)
place-ober-grafendorf,Ober-Grafendorf
place-stinatz-stinjaki,Stinatz/Stinjaki
place-wolfsberg-karnten,Wolfsberg (Kärnten)
place-radstadt-salzburg,Radstadt (Salzburg)
place-modling,Mödling
place-furstenfeld-steiermark,Fürstenfeld (Steiermark)
place-mistelbach-niederosterreich,Mistelbach (Niederösterreich)
place-neunkirchen-niederosterreich,Neunkirchen (Niederösterreich)
place-freistadt-oberosterreich,Freistadt (Oberösterreich)
place-bad-aussee-steiermark,Bad Aussee (Steiermark)
place-gmunden-oberosterreich,Gmunden (Oberösterreich)
place-leoben-steiermark,Leoben (Steiermark)
place-wels-oberosterreich,Wels (Oberösterreich)
place-hallstatt-oberosterreich,Hallstatt (Oberösterreich)
place-wiesental-vasoldsberg,Wiesental-Vasoldsberg
place-oehling-niederosterreich,Oehling (Niederösterreich)
place-zams-tirol,Zams (Tirol)
place-gleisdorf-steiermark,Gleisdorf (Steiermark)
place-worgl-tirol,Wörgl (Tirol)
place-ternitz-niederosterreich,Ternitz (Niederösterreich)
place-villach-karnten,Villach (Kärnten)
place-eisenstadt,Eisenstadt
place-ried-in-der-riedmark-oberosterreich,Ried in der Riedmark (Oberösterreich)
place-steyr-oberosterreich,Steyr (Oberösterreich)
place-istanbul-turkei,Istanbul (Türkei)
place-sydney-australien,Sydney (Australien)
place-bosenbach-steiermark,Bösenbach (Steiermark)
place-tuzla-bosnien-und-herzegowina,Tuzla (Bosnien und Herzegowina)
place-steinberg-a-d-rabnitz-burgenland,Steinberg a.d.Rabnitz (Burgenland)
place-bad-goisern,Bad Goisern
place-mistelbach,Mistelbach
place-aalfang,Aalfang
place-landstetten,Landstetten
place-hohenems-vorarlberg,Hohenems (Vorarlberg)
place-raipoltenbach-niederosterreich,Raipoltenbach/Niederösterreich
place-hart-bei-graz,Hart bei Graz
place-zams,Zams
place-grossgerharts,Großgerharts
place-gostling,Göstling
place-purbach-am-neusiedler-see,Purbach am Neusiedler See
place-frankenberg,Frankenberg
place-feldbach,Feldbach
place-mainburg-niederosterreich,Mainburg (Niederösterreich)
place-illmitz,Illmitz
place-mader-vorarlberg,Mäder (Vorarlberg)
place-ried-im-innkreis-wien,Ried im Innkreis (Wien)
place-worgl,Wörgl
place-belgrad,Belgrad
place-hall-in-tirol,Hall in Tirol
place-dornbirn,Dornbirn
place-dornbirn-vorarlberg,Dornbirn (Vorarlberg)
place-wallern-burgenland,Wallern (Burgenland)
place-wagna,Wagna
place-zurich,Zürich
place-grieskirchen,Grieskirchen
place-dusseldorf-bundesrepublik-deutschland,Düsseldorf (Bundesrepublik Deutschland)
place-selzthal-steiermark,Selzthal (Steiermark)
place-st-johann-in-tirol-tirol,St. Johann in Tirol (Tirol)
place-allentsteig-niederosterreich,Allentsteig (Niederösterreich)
place-leibnitz-steiermark,Leibnitz (Steiermark)
place-scheibbs-niederosterreich,Scheibbs (Niederösterreich)
place-bad-wimsbach-neydharting-oberosterreich,Bad Wimsbach-Neydharting (Oberösterreich)
place-edlitz,Edlitz
place-gussing,Güssing
place-st-johann-am-tauern,St. Johann am Tauern
place-st-veit-an-der-glan,St. Veit an der Glan
place-grossstubing,Großstübing
place-saalfelden-salzburg,Saalfelden (Salzburg)
place-breitenwang,Breitenwang
place-lienz-tirol,Lienz (Tirol)
place-weikersdorf-am-steinfeld,Weikersdorf am Steinfeld
place-perg,Perg
place-aurach-am-hongar-oberosterreich,Aurach am Hongar (Oberösterreich)
place-ottnang-am-hausruck-oberosterreich,Ottnang am Hausruck (Oberösterreich)
place-horn,Horn
place-waldkirchen-deutschland,Waldkirchen (Deutschland)
place-altmannsdorf-bei-st-polten,Altmannsdorf bei St. Pölten
place-hainburg-an-der-donau,Hainburg an der Donau
place-scheifling-steiermark,Scheifling (Steiermark)
place-trumau,Trumau
place-michaelerberg-steiermark,Michaelerberg (Steiermark)
place-krems-an-der-donau-niederosterreich,Krems an der Donau (Niederösterreich)
place-oberwart,Oberwart
place-bern-schweiz,Bern (Schweiz)
place-helsinki-finnland,Helsinki (Finnland)
place-genf-schweiz,Genf (Schweiz)
place-hafning-leoben,Hafning/Leoben
place-gmund-niederosterreich,Gmünd (Niederösterreich)
place-wr-neustadt-niederosterreich,Wr. Neustadt (Niederösterreich)
place-lustenau-vorarlberg,Lustenau (Vorarlberg)
place-grieskirchen-oberosterreich,Grieskirchen (Oberösterreich)
place-graz-steiermark,Graz (Steiermark)
place-kilb-niederosterreich,Kilb (Niederösterreich)
place-bad-ischl-oberosterreich,Bad Ischl (Oberösterreich)
place-halle,Halle
place-reith-im-alpbachtal-tirol,Reith im Alpbachtal (Tirol)
place-schwarzach-im-pongau-salzburg,Schwarzach im Pongau (Salzburg)
place-schladming-steiermark,Schladming (Steiermark)
place-st-georgen-rumanien,St. Georgen (Rumänien)
place-oberwart-burgenland,Oberwart (Burgenland)
place-st-veit-glan-karnten,St. Veit/Glan (Kärnten)
place-judenburg-steiermark,Judenburg (Steiermark)
place-amstetten-niederosterreich,Amstetten (Niederösterreich)
place-vocklabruck-oberosterreich,Vöcklabruck (Oberösterreich)
place-budapest-ungarn,Budapest (Ungarn)
place-waidhofen-an-der-thaya-niederosterreich,Waidhofen an der Thaya (Niederösterreich)
place-travnik-bosnien-und-herzegowina,Travnik (Bosnien und Herzegowina)
place-feldkirch-vorarlberg,Feldkirch (Vorarlberg)
place-bach-karnten,Bach (Kärnten)
place-schwaz-tirol,Schwaz (Tirol)
place-surmene-turkei,Sürmene (Türkei)
place-reichenau-an-der-rax,Reichenau an der Rax
place-wiener-neustadt-niederosterreich,Wiener Neustadt (Niederösterreich)
place-st-johann-in-tirol,St. Johann in Tirol
place-grossrupprechts-niederosterreich,Großrupprechts (Niederösterreich)
place-roppen-tirol,Roppen (Tirol)
place-kufstein-tirol,Kufstein (Tirol)
place-seiz-steiermark,Seiz (Steiermark)
place-guntramsdorf-niederosterreich,Guntramsdorf (Niederösterreich)
place-rottenmann-steiermark,Rottenmann (Steiermark)
place-grunburg,Grünburg
place-schwarzach-im-pongau,Schwarzach im Pongau
place-kleinsolk,Kleinsölk
place-aspang,Aspang
place-beetzendorf-ddr,Beetzendorf (DDR)
place-bregenz,Bregenz
place-fischbach,Fischbach
place-st-gallen-schweiz,St. Gallen (Schweiz)
place-kirchdorf-an-der-krems,Kirchdorf an der Krems
place-obdachegg-steiermark,Obdachegg (Steiermark)
place-wieselburg,Wieselburg
place-kirchberg-an-der-pielach,Kirchberg an der Pielach
place-eibiswald,Eibiswald
place-kautzen-niederosterreich,Kautzen (Niederösterreich)
place-neufurth-amstetten,Neufurth/Amstetten
place-liesing-im-lesachtal,Liesing im Lesachtal
place-oberwolz-steiermark,Oberwölz (Steiermark)
place-hollabrunn-niederosterreich,Hollabrunn (Niederösterreich)
place-waldhausen-oberosterreich,Waldhausen (Oberösterreich)
place-gleisdorf,Gleisdorf
place-hartberg-steiermark,Hartberg (Steiermark)
place-lauterach-vorarlberg,Lauterach (Vorarlberg)
place-helfenberg-oberosterreich,Helfenberg (Oberösterreich)
place-schwaz,Schwaz
place-gobelsburg-niederosterreich,Gobelsburg (Niederösterreich)
place-trautenau-trutnov-bohmen,Trautenau/Trutnov (Böhmen)
place-apetlon,Apetlon
place-baden-niederosterreich,Baden (Niederösterreich)
place-bludenz-vorarlberg,Bludenz (Vorarlberg)
place-schwanenstadt,Schwanenstadt
place-arzl-im-pitztal,Arzl im Pitztal
place-singsdorf-steiermark,Singsdorf (Steiermark)
place-saalfelden,Saalfelden
place-rottenmann,Rottenmann
place-kleinedling-wolfsberg,Kleinedling/Wolfsberg
place-scheibbs,Scheibbs
place-zell-am-see,Zell am See
place-friesach,Friesach
place-tamsweg-salzburg,Tamsweg (Salzburg)
place-bezau,Bezau
place-burgauberg-burgenland,Burgauberg (Burgenland)
place-paternion-karnten,Paternion (Kärnten)
place-voitsberg-steiermark,Voitsberg (Steiermark)
place-freistadt,Freistadt
place-lienz-osttirol,Lienz (Osttirol)
place-kempten-bayern,Kempten (Bayern)
place-hartberg,Hartberg
place-bad-erlach,Bad Erlach
place-hof-bei-salzburg,Hof bei Salzburg
place-flattach-karnten,Flattach (Kärnten)
place-passau-deutschland,Passau (Deutschland)
place-ansfelden-oberosterreich,Ansfelden (Oberösterreich)
place-weiz,Weiz
place-kaprun,Kaprun
place-haag-am-hausruck,Haag am Hausruck
place-siegendorf,Siegendorf
place-spielfeld,Spielfeld
place-mitterkirchen,Mitterkirchen
place-ried-im-innkreis-oberosterreich,Ried im Innkreis (Oberösterreich)
place-frastanz,Frastanz
place-stockerau,Stockerau
place-vorau-steiermark,Vorau (Steiermark)
place-ybbs-an-der-donau,Ybbs an der Donau
place-bad-zell-oberosterreich,Bad Zell (Oberösterreich)
place-rum-tirol,Rum (Tirol)
place-ankara-turkei,Ankara (Türkei)
place-melk-niederosterreich,Melk (Niederösterreich)
place-rankweil-vorarlberg,Rankweil (Vorarlberg)
place-st-jakob-im-walde,St. Jakob im Walde
place-bruck-an-der-mur-steiermark,Bruck an der Mur (Steiermark)
place-stockerau-niederosterreich,Stockerau (Niederösterreich)
place-hochfilzen,Hochfilzen
place-lesachtal-karnten,Lesachtal (Kärnten)
place-niklasdorf,Niklasdorf
place-zell-am-ziller-tirol,Zell am Ziller (Tirol)
place-spittal-an-der-drau,Spittal an der Drau
place-lavamund,Lavamünd
place-pellendorf,Pellendorf
place-lang-in-der-steiermark-steiermark,Lang in der Steiermark (Steiermark)
place-tradigist,Tradigist
place-beirut-libanon,Beirut (Libanon)
place-knittelfeld-steiermark,Knittelfeld (Steiermark)
place-st-jakob-in-defereggen-osttirol-tirol,St. Jakob in Defereggen (Osttirol) (Tirol)
place-alt-dietmanns-niederosterreich,Alt-Dietmanns (Niederösterreich)
place-tulln-an-der-donau,Tulln an der Donau
place-mauthausen,Mauthausen
place-gottsdorf,Gottsdorf
place-strem-burgenland,Strem (Burgenland)
place-lofer,Lofer
place-kangal-turkei,Kangal (Türkei)
place-hall,Hall
place-tubingen-deutschland,Tübingen (Deutschland)
place-altneudorfl,Altneudörfl
place-tamsweg,Tamsweg
place-knittelfeld,Knittelfeld
place-dietmannsdorf-bei-trieben-steiermark,Dietmannsdorf bei Trieben (Steiermark)
place-yenisehir-turkei,Yenisehir (Türkei)
place-schattendorf-burgenland,Schattendorf (Burgenland)
place-klosterneuburg-niederosterreich,Klosterneuburg (Niederösterreich)
place-hochst-vorarlberg,Höchst (Vorarlberg)
place-haslach-an-der-muhl-oberosterreich,Haslach an der Mühl (Oberösterreich)
place-attnang-puchheim-oberosterreich,Attnang-Puchheim (Oberösterreich)
place-scharding-oberosterreich,Schärding (Oberösterreich)
place-ampfing-oberosterreich,Ampfing (Oberösterreich)
place-brixlegg-tirol,Brixlegg (Tirol)
place-horn-niederosterreich,Horn (Niederösterreich)
place-kulu-turkei,Kulu (Türkei)
place-mittersill-salzburg,Mittersill (Salzburg)
place-hall-in-tirol-tirol,Hall in Tirol (Tirol)
place-soke-turkei,Söke (Türkei)
place-altendorf-karnten,Altendorf (Kärnten)
place-tulln-an-der-donau-niederosterreich,Tulln an der Donau (Niederösterreich)
place-st-johann-im-pongau-salzburg,St. Johann im Pongau (Salzburg)
place-friesach-karnten,Friesach (Kärnten)
place-feldbach-steiermark,Feldbach (Steiermark)
place-weiz-steiermark,Weiz (Steiermark)
place-villach-warmbad-karnten,Villach Warmbad (Kärnten)
place-hallein-bei-salzburg-salzburg,Hallein bei Salzburg (Salzburg)
place-buchegg-niederosterreich,Buchegg (Niederösterreich)
place-waidhofen-ybbs-niederosterreich,Waidhofen/Ybbs (Niederösterreich)
place-breitenwang-tirol,Breitenwang (Tirol)
place-stadt-haag-niederosterreich,Stadt Haag (Niederösterreich)
place-brandenberg-tirol,Brandenberg (Tirol)
place-ried-i-i-oberosterreich,Ried i.I. (Oberösterreich)
place-st-polten-niederosterreich,St.Pölten (Niederösterreich)
place-muhldorf-karnten,Mühldorf (Kärnten)
place-eibiswald-steiermark,Eibiswald (Steiermark)
place-mitterkirchen-im-machland-oberosterreich,Mitterkirchen im Machland (Oberösterreich)
place-proszowice-polen,Proszowice (Polen)
place-waidhofen-an-der-ybbs,Waidhofen an der Ybbs
place-kematen-an-der-krems-oberosterreich,Kematen an der Krems (Oberösterreich)
place-zeltweg-steiermark,Zeltweg (Steiermark)
